[
  {
    "id": "19db7c25-bbc2-48d1-92c4-470370a5d10e",
    "data": [
      {
        "text": "About Pycon Africa",
        "userDefined": false
      }
    ],
    "isTemplate": false,
    "count": 0,
    "updated": 0
  },
  {
    "id": "23af629f-8981-4fbd-87fc-200c4e152e36",
    "data": [
      {
        "text": "what is PyconAfrica ?",
        "userDefined": false
      }
    ],
    "isTemplate": false,
    "count": 0,
    "updated": 0
  },
  {
    "id": "c387e466-b22e-4491-a584-15e9b5fe36b1",
    "data": [
      {
        "text": "Tell me about PyconAfrica",
        "userDefined": false
      }
    ],
    "isTemplate": false,
    "count": 0,
    "updated": 0
  },
  {
    "id": "392333f8-44ad-474e-875c-7b112a1ffb26",
    "data": [
      {
        "text": "Tell me about Pycon",
        "userDefined": false
      }
    ],
    "isTemplate": false,
    "count": 0,
    "updated": 0
  },
  {
    "id": "d6c32b16-3029-4c33-aad5-a01340889d90",
    "data": [
      {
        "text": "About PyconAfrica",
        "userDefined": false
      }
    ],
    "isTemplate": false,
    "count": 0,
    "updated": 0
  }
]