[
  {
    "id": "620e147c-3bc3-429b-b95b-adb084e86704",
    "data": [
      {
        "text": "What is the Schedule",
        "userDefined": false
      }
    ],
    "isTemplate": false,
    "count": 0,
    "updated": 0
  },
  {
    "id": "dcb3c058-cb81-4084-a946-7c4b43e768ab",
    "data": [
      {
        "text": "What is the Conference Schedule",
        "userDefined": false
      }
    ],
    "isTemplate": false,
    "count": 0,
    "updated": 0
  },
  {
    "id": "44d95325-10fd-4a9a-adad-8aba6241ce8b",
    "data": [
      {
        "text": "PyconAfrica Conference Schedule",
        "userDefined": false
      }
    ],
    "isTemplate": false,
    "count": 0,
    "updated": 0
  },
  {
    "id": "30823d06-4bb4-414b-a298-6f53dbaffcac",
    "data": [
      {
        "text": "Schedule",
        "userDefined": false
      }
    ],
    "isTemplate": false,
    "count": 0,
    "updated": 0
  },
  {
    "id": "837784ad-3f4a-48f6-a2a4-61771e28e270",
    "data": [
      {
        "text": "Conference Schedule",
        "userDefined": false
      }
    ],
    "isTemplate": false,
    "count": 0,
    "updated": 0
  }
]