[
  {
    "id": "515e0bdb-7271-471d-ac3d-9bc636917ad5",
    "data": [
      {
        "text": "What can you do ?",
        "userDefined": false
      }
    ],
    "isTemplate": false,
    "count": 0,
    "updated": 0
  },
  {
    "id": "ec02ca9c-da50-4b91-b1c5-a76e36991598",
    "data": [
      {
        "text": "Menu",
        "userDefined": false
      }
    ],
    "isTemplate": false,
    "count": 0,
    "updated": 0
  },
  {
    "id": "cdae22e7-8df0-4c2c-9ae4-239355ba3645",
    "data": [
      {
        "text": "Main Menu",
        "userDefined": false
      }
    ],
    "isTemplate": false,
    "count": 0,
    "updated": 0
  }
]